(Intercept),periodJAS,periodOND,periodJFM,triageCTAS 2,triageCTAS 3,triageCTAS 4,triageCTAS 5,hospitalid3985,hospitalid4056,hospitalid4205,hospitalid4209,hospitalid4265,hospitalid4266,hospitalid4805,periodJAS:hospitalid3985,periodOND:hospitalid3985,periodJFM:hospitalid3985,periodJAS:hospitalid4056,periodOND:hospitalid4056,periodJFM:hospitalid4056,periodJAS:hospitalid4205,periodOND:hospitalid4205,periodJFM:hospitalid4205,periodJAS:hospitalid4209,periodOND:hospitalid4209,periodJFM:hospitalid4209,periodJAS:hospitalid4265,periodOND:hospitalid4265,periodJFM:hospitalid4265,periodJAS:hospitalid4266,periodOND:hospitalid4266,periodJFM:hospitalid4266,periodJAS:hospitalid4805,periodOND:hospitalid4805,periodJFM:hospitalid4805
3.918036241,-0.322755993,-0.10495082,0.042009402,0.604834446,-0.221473464,-1.394025653,-1.807371197,-0.098504088,-0.822046228,0.543950936,-0.015408803,-0.524880592,-0.287179659,-0.744114031,0.268512427,-0.007795502,-0.133654309,0.318909722,0.069496555,0.011736532,0.179418065,-0.075321278,-0.231683768,0.357816855,-0.05478568,-0.197692005,0.294413867,0.015358241,-0.118579265,0.412222973,0.077580444,-0.114760334,0.448677482,0.072765848,-0.083309441